CrossMarket,AffiliateName,StreetAddress,Locality,Region,PostalCode,Country,Continent,AffiliateURL,Principal,ReferralContactPhone,ReferralContactEmail,LogoUrl,HeaderImage,MarketArea
,ReMind Group SA,"Arroyo 880, 5th Floor, Suite 10­",Buenos Aires­,"BU,­",1007,Argentina,South America,http://www.remind.com.ar,ReMind Group SA,+54 11 4325 4325,fernanda.canals@remind.com.ar,https://b386363e680359b5cc19-97ec1140354919029c7985d2568f0e82.ssl.cf1.rackcdn.com/ckeditor_assets/pictures/root/Affiliate_Logos/238973/content_logo_REMIND_01__002_.jpg,,"Buenos Aires, Buenos Aires"
,Anchor Antigua Realty,3rd floor Brysons Office Complex­,St Johns­,"AG,­",,Antigua And Barbuda,North & Central America,http://www.onecaribbeanestatesantigua.com,Anchor Antigua Realty,+1 268 725 4059,jwhite@onecaribbeanestatesantigua.com,,,"Half Moon Bay, Cities In Antigua And Barbuda Mill Reef, Cities In Antigua And Barbuda Near English Harbour, Cities In Antigua And Barbuda St Johns, Cities In Antigua And Barbuda St Marys, Cities In Antigua And Barbuda St Phillips, Cities In Antigua And Barbuda Willoughby Bay, Cities In Antigua And Barbuda"
,Ken Jacobs,Level One at 31-33 Knox Street­,Double Bay­,"SW,­",2028,Australia,Australia,http://www.kenjacobs.com.au,Ken Jacobs,+61 2 9328 1422,ken@kenjacobs.com.au,https://b386363e680359b5cc19-97ec1140354919029c7985d2568f0e82.ssl.cf1.rackcdn.com/ckeditor_assets/pictures/root/Affiliate_Logos/238962/content_New_stacked_logo_Ken_Jacobs_Christies_Logo.png,,"Sydney, Cities In Australia Double Bay, New South Wales"
,Stiller & Hohla Immobilientreuhänder,Joseph Messner-Strasse 8-14­,Salzburg­,"AT,­",A-5020,Austria,Europe,http://www.stiller-hohla.at,Stiller & Hohla Immobilientreuhänder,+43 662 658 5110,office@stiller-hohla.at,,,"Salzburg, Cities In Austria"
,Avantgarde Properties,Kohlmarkt 6­,Vienna­,"VI,­",A-1010,Austria,Europe,http://www.avantgardeproperties.com,Avantgarde Properties,+43 (0)1 890 55 33,office@avantgardeproperties.com,,,"Vienna, Cities In Austria"
,H G Christie Ltd,"Millar's Court, P.O. Box N-8164­",Nassau New Providence­,"NP,­",,Bahamas,North & Central America,http://www.hgchristie.com,H G Christie Ltd,+1 242 322 1041,jchristie@hgchristie.com,https://b386363e680359b5cc19-97ec1140354919029c7985d2568f0e82.ssl.cf1.rackcdn.com/ckeditor_assets/pictures/root/Affiliate_Logos/238977/hgc_and_cire_combined_png_copy_red_copy.png,,"Elbow Cay Hope Town, Abaco Marsh Harbour, Abaco Governors Harbour, Eleuthera Windermere Island, Eleuthera Eleuthera, Eleuthera Exumas, Exuma George Town, Exuma Long Island, Long Island Nassau New Providence, Nassau And Paradise Island Old Nassau, Nassau And Paradise Island San Salvador, San Salvador Freeport, Grand Bahama Grand Bahama East, Grand Bahama"
,Sibarth Real Estate,"17 Rue de la République, Gustavia­",Gustavia­,"BL,­",97133,St. Barthelemy,North & Central America,http://www.sibarthrealestate.com,Sibarth Real Estate,+590 590 29 88 91,Zarek@sibarthrealestate.com,,,"Gustavia, Cities In St. Barthelemy"
,Sinclair Realty Bermuda LLC,48 Par-La-Ville Road­,Hamilton­,"BM,­",HM 11,Bermuda,North & Central America,http://www.sinclairrealty.com,Sinclair Realty Bermuda LLC,+1 441 296 0278,estates@logic.bm,,,"Hamilton, Bermuda"
,Axpe Imóveis Especiais,"Avenida Nove de Julho, 5017, 10° Andar­",Sao Paulo­,"SP,­",01407-200,Brazil,South America,http://www.axpe.com.br,Axpe Imóveis Especiais,+55 11 3074 3600,martim.cazarin@axpe.com.br,,,"San Paulo, Sao Paulo Sao Paulo, Sao Paulo"
,Faith Wilson Group,1838 West 1st Avenue­,Vancouver­,"BC,­",V6J 1G5,Canada,North & Central America,https://www.faithwilsongroup.com,Faith Wilson Group,+1 604 224 5277,faith@faithwilsongroup.com,https://b386363e680359b5cc19-97ec1140354919029c7985d2568f0e82.ssl.cf1.rackcdn.com/ckeditor_assets/pictures/root/Affiliate_Logos/238953/content_signature_center.png,,"Vancouver, British Columbia"
,Newport Realty,1144 Fort Street­,Victoria­,"BC,­",V8V 3K8,Canada,North & Central America,http://www.newportrealty.com,Newport Realty,+1 250 385 2033,jwpetrie@shaw.ca,,,"Victoria, British Columbia"
,"Chestnut Park Real Estate Limited, Brokerage - Toronto","1300 Yonge Street, Suite 100­",Toronto­,"ON,­",M4T 1X3,Canada,North & Central America,http://www.chestnutpark.com,"Chestnut Park Real Estate Limited, Brokerage - Toronto",+1 416 925 9191,homes@chestnutpark.com,https://b386363e680359b5cc19-97ec1140354919029c7985d2568f0e82.ssl.cf1.rackcdn.com/ckeditor_assets/pictures/root/Affiliate_Logos/238992/stacked_green__1_.png,,"Burlington, Ontario Caledon, Ontario Collingwood, Ontario Creemore, Ontario Erin, Ontario Haliburton, Ontario Huntsville, Ontario Lake Of Bays, Ontario Meaford, Ontario Milton, Ontario Mississauga, Ontario Oakville, Ontario Picton, Ontario Port Carling, Ontario Port Hope, Ontario Simcoe, Ontario Stratford, Ontario Toronto, Ontario Unionville, Ontario Wiarton, Ontario Grey Highlands, Ontario Kawartha Lakes, Ontario Mono, Ontario Port Credit, Ontario Muskoka, Ontario"
,Marilyn Wilson Dream Properties,266 Beechwood Avenue­,Ottawa­,"ON,­",K1L 8A6,Canada,North & Central America,http://www.dreamproperties.com,Marilyn Wilson Dream Properties,+1 613 842 5000,marilyn@dreamproperties.com,,,"Cumberland, Ontario Kanata, Ontario Manotick, Ontario Orleans, Ontario Ottawa, Ontario Stittsville, Ontario"
,Profusion Realty Inc,1303 Greene Avenue­,Westmount­,"QC,­",H3Z 2A7,Canada,North & Central America,http://www.profusion.global,Profusion Realty Inc,+ 1 514 592 9838,lremillard@profusionimmo.ca,https://b386363e680359b5cc19-97ec1140354919029c7985d2568f0e82.ssl.cf1.rackcdn.com/ckeditor_assets/pictures/root/Affiliate_Logos/238970/content_logo_PROFUSION2018CHR_VERT_NOIR.png,,"Ivry-Sur-Le-Lac, Quebec Montreal, Quebec Morin-Heights, Quebec Piedmont, Quebec Prevost, Quebec Saint-Adolphe-D'howard, Quebec Sainte-Adele, Quebec Sainte-Agathe-Des-Monts, Quebec Sainte-Anne-Des-Lacs, Quebec Saint-Faustin-Lac-Carre, Quebec Saint-Hippolyte, Quebec Saint-Sauveur, Quebec Val-David, Quebec Val-Morin, Quebec Wentworth, Quebec Wentworth-Nord, Quebec Westmount, Quebec Esterel, Quebec Sainte Marguerite Du Lac Masson, Quebec Sainte Marguerite, Quebec"
,SPG Finest Properties,Route de Chêne 36­,Geneva­,"GE,­",1208,Switzerland,Europe,http://www.spgfinestproperties.ch,SPG Finest Properties,+41 (0) 58 810 30 30,lof@spgfinestproperties.ch,,,"Geneva, Geneva"
,Wetag Consulting Immobiliare SA,Via Antonio Ciseri 13A­,Locarno­,"TI,­",6600,Switzerland,Europe,http://www.wetag.ch,Wetag Consulting Immobiliare SA,+41 (0) 91 751 3106,quast@wetag.ch,,,"Locarno, Ticino"
,Wüst und Wüst,Seestrasse 221­,Kusnacht­,"ZH,­",8700,Switzerland,Europe,http://www.wuw.ch,Wüst und Wüst,+41 44 388 58 24,beat.huerlimann@wuw.ch,,,"Kusnacht, Zurich Zurich, Zurich"
,Borquez & Asociados Limitada,Luis Pasteur 6600­,Santiago­,"RG,­",,Chile,South America,http://www.byas.cl,Borquez & Asociados Limitada,+56 2 2953 6992,contacto@byas.cl,https://b386363e680359b5cc19-97ec1140354919029c7985d2568f0e82.ssl.cf1.rackcdn.com/ckeditor_assets/pictures/root/Affiliate_Logos/238980/Logo_Byas%2BChristies-vertical.jpg,,
,Costa Rica Resort & Estate Properties,"Fuentes del Obelisco, Suite #17, Escazu­",Santa Cruz­,"GU,­",50304,Costa Rica,North & Central America,http://www.plantacionpropertiescr.com,Costa Rica Resort & Estate Properties,+506 2654 4004,bob@plantacionproperties.com,https://b386363e680359b5cc19-97ec1140354919029c7985d2568f0e82.ssl.cf1.rackcdn.com/ckeditor_assets/pictures/root/Affiliate_Logos/238949/content_unnamed__1_.jpg,,"Cabo De Velas, Guanacaste Santa Cruz, Guanacaste Tamarindo, Guanacaste Escazu, San Jose San Rafael, San Jose"
,Provenance Properties Cayman Islands,The Kimpton Seafire Resort + Spa­,Seven Mile Beach­,"GR,­",KY1-9008,Cayman Islands,North & Central America,http://www.provenanceproperties.com,Provenance Properties Cayman Islands,+1 345 640 7000,Sue.Nickason@dartrealestate.com,https://b386363e680359b5cc19-97ec1140354919029c7985d2568f0e82.ssl.cf1.rackcdn.com/ckeditor_assets/pictures/root/Affiliate_Logos/238971/content_ppci_COLOUR_rgb.jpg,,"Britannia Golf Course, Grand Cayman East End, Grand Cayman Governors Harbour, Grand Cayman Luxury Beach Front Resort Site, Grand Cayman Old Propspect Point, Grand Cayman Rum Point, Grand Cayman Seven Mile Beach Grand Cayman, Grand Cayman South Sound, Grand Cayman Turnberry At Safehaven, Grand Cayman George Town, Grand Cayman Seven Mile Beach, Grand Cayman Crystal Harbour, Grand Cayman Snug Harbour, Grand Cayman Canal Point, Grand Cayman Yacht Club Cayman Islands, Grand Cayman West Bay, Grand Cayman Britannia, Grand Cayman Grand Harbour, Grand Cayman Prospect, Grand Cayman Patricks's Island, Grand Cayman Prospect Point, Grand Cayman Spotts, Grand Cayman Newlands, Grand Cayman Savannah, Grand Cayman North Sound Estates, Grand Cayman Sunrise Landing, Grand Cayman Bodden Town, Grand Cayman Frank Sound, Grand Cayman North Side, Grand Cayman Cayman Kai, Grand Cayman Salt Creek, Grand Cayman Vista Del Mar, Grand Cayman Yacht Club, Grand Cayman Camana Bay, Grand Cayman Tropical Gardens, Grand Cayman Red Bay, Grand Cayman Omega Bay, Grand Cayman Patricks Island, Grand Cayman Northward, Grand Cayman Lower Valley, Grand Cayman Beach Bay, Grand Cayman Queens Highway, Grand Cayman Old Robin Road, Grand Cayman Old Man Bay, Grand Cayman Kaibo, Grand Cayman"
,Svoboda & Williams,"Na Perštýně 2, 110 00, Praha 1­",Prague­,"PR,­",,Czech Republic,Europe,http://en.svoboda-williams.com,Svoboda & Williams,+420 257 328 281,cyril.dejanovski@svoboda-williams.com,https://b386363e680359b5cc19-97ec1140354919029c7985d2568f0e82.ssl.cf1.rackcdn.com/ckeditor_assets/pictures/root/Affiliate_Logos/238976/content_svobodawilliams-jpeg.jpg,,"Bubenec, Prague Dejvice, Prague Hradcany, Prague Karlin, Prague Mala Strana, Prague Nove Mesto, Prague Pankrac, Prague Prague, Prague Ruzyne, Prague Smichov, Prague Stresovice, Prague Vinohrady, Prague Zbraslav, Prague Stare Mesto, Prague Bratislava, Bratislavsky Nitra, Nitriansky Nagyszombat, Trnavsky Trnava, Trnavsky Zilina, Zilinsky"
,Strutt & Parker,13 Hill Street­,Mayfair­,"LV,­",W1J 5LQ,England,Europe,http://www.struttandparker.com/,Strutt & Parker,+44 (0)20 7225 3866,Philippa.Stewart@struttandparker.com,,,"London, London And Vicinity Ascot, South East England Windlesham, South East England Sunningdale, South East England Banchory, Cities In Scotland Edinburgh, Cities In Scotland Inverness, Cities In Scotland"
,Estela Exclusive Homes,Paseo Juan Carlos I nº 23­,Ibiza­,"IB,­",7800,Spain,Europe,http://www.estelaexclusivehomes.com,Estela Exclusive Homes,+34 971 931 562,ee@estelaexclusivehomes.com,,,"Ibiza, Ibiza Sant Joan, Ibiza Santa Eularia, Ibiza Sant Josep, Ibiza Sant Antoni, Ibiza Sa Canal, Ibiza San Carlos, Ibiza San Miguel, Ibiza Sant Joan De Labritja, Ibiza Sant Jordi, Ibiza Santa Gertrudis, Ibiza San Lorenzo, Ibiza Ibiza City, Ibiza Vista Alegre, Ibiza Cala Conta, Ibiza San Jose, Ibiza San Antonio, Ibiza San Juan, Ibiza Santa Eulalia, Ibiza Cap De Barbaria, Formentera La Mola, Formentera El Pilar De La Mola, Formentera Es Poblet Des Torrent, Formentera Formentera, Formentera Platja De Migjorn, Formentera San Francesc, Formentera San Francisco, Formentera San Francisco Javier, Formentera"
,Costa Del Sol 365,"Calle de Ramón Gómez de la Serna, 23­",Marbella­,"MG,­",29602,Spain,Europe,https://www.costadelsol365.es,Costa Del Sol 365,+34 951 122 313‬,h.veenhuijsen@costadelsol365.es,,,
,Michaël Zingraf Real Estate,34 La Croisette­,Cannes­,"AL,­",6400,France,Europe,http://www.michaelzingraf.com/en/,Michaël Zingraf Real Estate,+33 (0)4 93 39 77 77,marine@michaelzingraf.com,https://b386363e680359b5cc19-97ec1140354919029c7985d2568f0e82.ssl.cf1.rackcdn.com/ckeditor_assets/pictures/root/Affiliate_Logos/238968/content_unnamed.png,,"Cannes, Alpes-Maritimes Saint Jean Cap Ferrat, Alpes-Maritimes Mougins, Alpes-Maritimes Saint Paul de Vence, Alpes-Maritimes Opio, Alpes-Maritimes Cap D'Antibes, Provence-Alpes-Cote D'Azur Gordes, Provence-Alpes-Cote D'Azur Lourmarin, Provence-Alpes-Cote D'Azur Aix en Provence, Bouches Du Rhone Saint Remy, Saone et Loire Saint Tropez, Var"
,Corse Prestige Immobilier,5 rue Marechal Ornano­,Ajaccio­,"CO,­",20000,France,Europe,https://corseprestige.com,Corse Prestige Immobilier,+33 (0)4 95 25 90 41,infos@corseprestige.com,https://b386363e680359b5cc19-97ec1140354919029c7985d2568f0e82.ssl.cf1.rackcdn.com/ckeditor_assets/pictures/root/Affiliate_Logos/238989/Logo_Corse_Prestige_Immobilier-_Horizontal_fomat.png,,"Corsica,"
,Maxwell-Baynes Real Estate,Bordeaux Office: Le Presbytere­,Bordeaux­,"GI,­",33350,France,Europe,https://www.maxwellbaynes.com,Maxwell-Baynes Real Estate,+33 557 84 08 82,info@maxwellbaynes.com,,,
,Agence Clerc,31 chemin de Montpellaz­,Annecy­,"HS,­",74290,France,Europe,http://www.alps-property.co.uk/,Agence Clerc,+33 (0)4 50 64 88 88,jc@agence-clerc.com,,,"Contamine Sur Arve, Haute Savoie Andilly, Haute Savoie Annecy, Haute Savoie Argonay, Haute Savoie Annecy le Vieux, Haute Savoie Annemasse, Haute Savoie Bogeve, Haute Savoie Bonne, Haute Savoie Bossey, Haute Savoie Bluffy, Haute Savoie Boege, Haute Savoie Bonneville, Haute Savoie Cercier, Haute Savoie Charvonnex, Haute Savoie Cordon, Haute Savoie Cernex, Haute Savoie Chamonix Mont Blanc, Haute Savoie Chatel, Haute Savoie Chavanod, Haute Savoie Cluses, Haute Savoie Cruseilles, Haute Savoie Choisy, Haute Savoie Collonges sous Saleve, Haute Savoie Cran Gevrier, Haute Savoie Cusy, Haute Savoie Chainaz les Frasses, Haute Savoie Chapeiry, Haute Savoie Combloux, Haute Savoie Copponex, Haute Savoie Cranves Sales, Haute Savoie Cuvat, Haute Savoie Droisy, Haute Savoie Doussard, Haute Savoie Duingt, Haute Savoie Dingy Saint Clair, Haute Savoie Evian les Bains, Haute Savoie Entremont, Haute Savoie Evires, Haute Savoie Etercy, Haute Savoie Epagny, Haute Savoie Etrembieres, Haute Savoie Fillinges, Haute Savoie Feigeres, Haute Savoie Franclens, Haute Savoie Frangy, Haute Savoie Gaillard, Haute Savoie Giez, Haute Savoie Groisy, Haute Savoie Gruffy, Haute Savoie Hery sur Alby, Haute Savoie Juvigny, Haute Savoie La Balme de Sillingy, Haute Savoie La Chapelle Rambaud, Haute Savoie La Forclaz, Haute Savoie La Chapelle Saint Maurice, Haute Savoie La Muraz, Haute Savoie La Clusaz, Haute Savoie La Riviere Enverse, Haute Savoie Le Grand Bornand, Haute Savoie Les Clefs, Haute Savoie Les Ollieres, Haute Savoie La Cote d Arbroz, Haute Savoie Lathuile, Haute Savoie Le Petit Bornand les Glieres, Haute Savoie Les Villards sur Thones, Haute Savoie Lovagny, Haute Savoie Marcellaz Albanais, Haute Savoie Menthonnex sous Clermont, Haute Savoie Menthonnex en Bornes, Haute Savoie Serraval, Haute Savoie Seyssel, Haute Savoie Saint Martin Bellevue, Haute Savoie Saint Jorioz, Haute Savoie Sevrier, Haute Savoie Saint Pierre en Faucigny, Haute Savoie Sales, Haute Savoie Sillingy, Haute Savoie Talloires, Haute Savoie Thorens Glieres, Haute Savoie Thusy, Haute Savoie Thones, Haute Savoie Vallieres, Haute Savoie Vetraz Monthoux, Haute Savoie Ville en Sallaz, Haute Savoie Veyrier du Lac, Haute Savoie Villy le Bouveret, Haute Savoie Viuz en Sallaz, Haute Savoie Valleiry, Haute Savoie Vaulx, Haute Savoie Villaz, Haute Savoie Villy le Pelloux, Haute Savoie Ayse, Haute Savoie Esery, Haute Savoie Eteaux, Haute Savoie Vieugy, Haute Savoie Belley, Ain Culoz, Ain Seyssel, Ain Aix les Bains, Savoie Betton Bettonet, Savoie Brison Saint Innocent, Savoie Chindrieux, Savoie Coise Saint Jean Pied Gauthier, Savoie Cruet, Savoie Conjux, Savoie Epersy, Savoie Gresy sur Aix, Savoie Lepin le Lac, Savoie Pugny Chatenod, Savoie Saint Alban de Montbel, Savoie Serrieres en Chautagne, Savoie Saint Jean de Chevelu, Savoie Tresserve, Savoie Aiguebelette, Savoie Vivers Du Lac, Savoie Gillonnay, Isere"
,Poncet & Poncet,72 Grand Rue Jean Moulin­,Montpellier­,"HR,­",34000,France,Europe,,Poncet & Poncet,+33 (0)4 67 02 03 31,contact@poncet-poncet.com,,,
,DAVID BILDER REAL ESTATE,3 Avenue du Marché­,La Baule Escoublac­,"LQ,­",44500,France,Europe,http://www.davidbilder.com,DAVID BILDER REAL ESTATE,+33 2 40 66 12 56,david.bilder@labauleetvous.com,,,"La Baule Escoublac, Loire Atlantique"
,Daniel Féau Conseil Immobilier,21 rue d'Artois­,Paris­,"PA,­",75008,France,Europe,https://danielfeau.com/en/,Daniel Féau Conseil Immobilier,+33 1 56 88 48 48,mhl@bdfrance.fr,,,"Paris, Paris"
,Côte Ouest,31 boulevard Thiers­,Saint Jean de Luz­,"PY,­",64500,France,Europe,http://www.coteouest-immobilier.com,Côte Ouest,+33 (0)5.59.26.82.60,ndescamps@coteouest-immobilier.fr,https://b386363e680359b5cc19-97ec1140354919029c7985d2568f0e82.ssl.cf1.rackcdn.com/ckeditor_assets/pictures/root/Affiliate_Logos/238940/content_unnamed.jpg,,
,Ploumis Sotiropoulos Real Estate,6 Panepistimiou St­,Athens­,"AT,­",10671,Greece,Europe,http://www.ploumis-sotiropoulos.gr,Ploumis Sotiropoulos Real Estate,+30 210 364 3112,ps@ploumis-sotiropoulos.gr,,,"Athens, Attiki"
,Landscope,"Unit 1803, 18/F.,­",North Point­,"HK,­",,Hong Kong,Asia,http://www.landscope.com,Landscope,+852 3012 4888,ks.koh@landscope-christies.com,,,"Wan Chai, Hong Kong Causeway Bay, Hong Kong"
,Sherry FitzGerald,176 Pembroke Road­,Dublin­,"DU,­",,Ireland,Europe,http://www.sherryfitz.ie,Sherry FitzGerald,+35 31 237 6300,michael.grehan@sherryfitz.ie,,,"Ballsbridge, Dublin"
,Agenzia Romolini Immobiliare Srl,VIA TRIESTE N.10-C­,Anghiari­,"AR,­",52031,Italy,Europe,http://christiesrealestate.com,Agenzia Romolini Immobiliare Srl,+39 057 578 8948,info@romolini.com,https://b386363e680359b5cc19-97ec1140354919029c7985d2568f0e82.ssl.cf1.rackcdn.com/ckeditor_assets/pictures/root/Affiliate_Logos/238943/content_Romoini-Immobilare-Christies-Luxury-Real-Estate-Tuscany-Italy.jpg,,"Anghiari, Arezzo"
,Immobilsarda SRL,"Piazzetta degli Archi, 2­",Porto Cervo­,"OT,­",7021,Italy,Europe,http://www.immobilsarda.com,Immobilsarda SRL,+39 0789 909000,juliabracco@immobilsarda.com,,,"Porto Cervo, Olbia Tempio"
,La Commerciale SRL,Lungotevere dei Mellini n° 44­,Rome­,"RM,­",193,Italy,Europe,,La Commerciale SRL,+39 06 320 0613,lacommerciale@lacommerciale.org,,,"Rome, Rome"
,"Japan Capital Realty, Inc.",Level 27 Shiroyama Trust Tower­,Minato-Ku­,"TO,­",105-6027,Japan,Asia,http://www.jcrealty.jp,"Japan Capital Realty, Inc.",+81 3 5404 8570,info@jcrealty.jp,,,"Minato-Ku, Tokyo"
,Kensington Luxury Properties,Avenue Yacoub El Mansour­,Marrakech­,"MH,­",,Morocco,Africa,http://www.kensingtonmorocco.com/en/,Kensington Luxury Properties,+212 254 42 2229,alexpeto@me.com,,,"Marrakech, Marrakech"
,Hammer Draff Great Properties,Le Park Palace­,Monte Carlo­,"MO,­",98000,Monaco,Europe,http://www.hammerdraff.com,Hammer Draff Great Properties,+377 97 97 63 33,direction@hammerdraff.com,,,"Monte Carlo, Monte Carlo"
,Dutch Docklands Maldives,"Champa Center Point, 4th Floor, Chandhanee Magu­",Male­,"MV,­",,Maldives,Asia,http://www.dutchdocklands-maldives.com,Dutch Docklands Maldives,+960 333 6664,jaspermulder@dutchdocklands.com,,,"Male, Cities In Maldives"
,2Seas Los Cabos,"Koral Shop Local 17 & 23 Carretera Transpeninsular Km 24.5, Cerro Colorado­",San Jose Del Cabo­,"BC,­",23537,Mexico,North & Central America,http://www.2seasloscabos.com,2Seas Los Cabos,+52 624 105 2547,ramiro@2seasloscabos.com,,,"San Jose Del Cabo, Baja California Sur Todos Santos, Baja California Sur Cabo San Lucas, Baja California Sur La Paz, Baja California Sur"
,CDR San Miguel,"Aldama 56, Centro­",San Miguel De Allende­,"GU,­",37700,Mexico,North & Central America,http://www.cdrsanmiguel.com,CDR San Miguel,+52 415 154 8804,anndolan@cdrsanmiguel.com,https://b386363e680359b5cc19-97ec1140354919029c7985d2568f0e82.ssl.cf1.rackcdn.com/ckeditor_assets/pictures/root/Affiliate_Logos/238948/content_vertical-stack.jpg,,"San Miguel De Allende, Guanajuato"
,Gerencia RED Grupo Inmobiliario,Av. Manuel Gomez Morin­,Garza Garcia­,"NL,­",66254,Mexico,North & Central America,http://www.gerenciared.com,Gerencia RED Grupo Inmobiliario,+52 52 81 8363 1212,gmgutierrez@gerenciared.com,https://b386363e680359b5cc19-97ec1140354919029c7985d2568f0e82.ssl.cf1.rackcdn.com/ckeditor_assets/pictures/root/Affiliate_Logos/238957/content_logonuevoGRIS.png,,"Monterrey, Other Areas In Mexico Garza Garcia, Nuevo Leon Monterrey, Nuevo Leon"
,Residence 365 B.V.,Herengracht 450-454­,Amsterdam­,"NH,­",1017 CA,Netherlands,Europe,http://www.r365.nl,Residence 365 B.V.,+31 20 2610 430,h.veenhuijsen@residence365.nl,,,"Amsterdam, North Holland Aerdenhout, North Holland Rotterdam, South Holland Apeldoorn, Gelderland Groningen, Groningen Enschede, Overijssel"
,Trillion Realty Group Inc,P.O. Box 16321­,San Juan­,"OP,­",,Puerto Rico,North & Central America,http://www.trillionrealtygroup.com,Trillion Realty Group Inc,+1 787 756 6464,ani@trillionrealtygroup.com,,,"San Juan, Cities In Puerto Rico"
,"Porta da Frente, Lda",Cascais - Avenida Marginal 8648 B 2750-427 Cascais­,Lisbon­,"LI,­",2765-249,Portugal,Europe,https://www.portadafrente.com,"Porta da Frente, Lda",+35 1 214 8268 30,info@portadafrente.pt,,,"Lisbon, Lisboa"
,LUXIMO'S Luxury Real Estate - Porto & North of Portugal Office,Avenida Brasil nr 227­,Porto­,"PR,­",4150-152,Portugal,Europe,http://www.luximos.pt,LUXIMO'S Luxury Real Estate - Porto & North of Portugal Office,+351 224 057 008,info@luximos.pt,https://b386363e680359b5cc19-97ec1140354919029c7985d2568f0e82.ssl.cf1.rackcdn.com/ckeditor_assets/pictures/root/Affiliate_Logos/238987/unnamed.png,,"Marco De Canaveses, Porto Porto, Porto Caminha, Viana Do Castelo Viana Do Castelo, Viana Do Castelo"
,Residence Fastighetsmäkleri,Sturegatan 24­,Stockholm­,"ST,­",,Sweden,Europe,http://www.residence.se,Residence Fastighetsmäkleri,+46 8 662 68 00,annika@residence.se,,,"Stockholm, Stockholm"
,Regency Realty LTD,One Season Plaza­,Grace Bay­,"PR,­",TKCA 1ZZ,Turks And Caicos Islands,North & Central America,http://www.theturksandcaicos.com,Regency Realty LTD,+1 649 432 7653,robert@tcibrokers.com,,,"Grace Bay, Providenciales"
,Richmont's Luxury Real Estate,"Suite 607, 6th Floor, AIA Sathorn Tower­",Bangkok­,"BK,­",10120,Thailand,Asia,,Richmont's Luxury Real Estate,+66 (0)2 670 8288,tim@richmonts.com,https://b386363e680359b5cc19-97ec1140354919029c7985d2568f0e82.ssl.cf1.rackcdn.com/ckeditor_assets/pictures/root/Affiliate_Logos/239116/Richmont_s___Christie_s_Logo.jpg,,"Sathon, Bangkok"
,Jubon Assets Management,"4f, No. 563, Section 4­",Taipei City­,"TW,­",11072,Taiwan,Asia,http://www.realty.com.tw,Jubon Assets Management,+886 2 3765 5678,michael@realty.com.tw,,,"Xinyi, Taipei"
,Walt Danley Realty,6720 North Scottsdale Road #140­,Paradise Valley­,"AZ,­",85253,United States,North & Central America,http://www.waltdanley.com,Walt Danley Realty,+1 480 991 2050,dub@waltdanley.com,,,"Fountain Hills, Arizona Paradise Valley, Arizona Phoenix, Arizona Scottsdale, Arizona Sedona, Arizona"
,Dilbeck Estates,1030 Foothill Boulevard­,La Canada Flintridge­,"CA,­",91011,United States,North & Central America,http://dilbeckestates.com,Dilbeck Estates,+1 818 790 6774,marlene.coakes@dilbeck.com,,,"Arcadia, California Burbank, California Calabasas, California Encino, California Glendale, California Glendora, California La Canada Flintridge, California La Crescenta, California Pasadena, California San Marino, California Santa Clarita, California Sherman Oaks, California South Pasadena, California Studio City, California Valencia, California Westlake Village, California La Canada, California"
,First Team Real Estate,108 Pacifica­,Irvine­,"CA,­",92618,United States,North & Central America,http://www.firstteam.com,First Team Real Estate,949-988-3000,sandychang@firstteam.com,https://b386363e680359b5cc19-97ec1140354919029c7985d2568f0e82.ssl.cf1.rackcdn.com/ckeditor_assets/pictures/root/Affiliate_Logos/238952/content_FT-CIRE_CLR.png,,"Aliso Viejo, California Brea, California Dana Point, California Fullerton, California Huntington Beach, California Irvine, California Ladera Ranch, California Laguna Beach, California Laguna Niguel, California Long Beach, California Mission Viejo, California Newport Beach, California Newport Coast, California Orange, California Rancho Santa Margarita, California San Clemente, California Seal Beach, California Sunset Beach, California Tustin, California Villa Park, California Yorba Linda, California Anaheim Hills, California Coto De Caza, California Monarch Beach, California Belmont Shore, California Naples, California"
,HK Lane Real Estate,"74-199 El Paseo, Suite 101A­",Palm Desert­,"CA,­",92260,United States,North & Central America,http://www.hklane.com/,HK Lane Real Estate,+1 760 834 7510,hkatofsky@hklane.com,https://b386363e680359b5cc19-97ec1140354919029c7985d2568f0e82.ssl.cf1.rackcdn.com/ckeditor_assets/pictures/root/Affiliate_Logos/238961/content_RED_-_HK_Lane_logo_ONLY.png,,"Cathedral City, California Desert Hot Springs, California Indian Wells, California Indio, California La Quinta, California Palm Desert, California Palm Springs, California Rancho Mirage, California"
,Richardson Properties,735 Tank Farm Road Suite 130­,San Luis Obispo­,"CA,­",93401,United States,North & Central America,http://www.richardsonproperties.com,Richardson Properties,+1 805 781 6040,chris@richardsonproperties.com,,,"Arroyo Grande, California Atascadero, California Avila Beach, California Cambria, California Cayucos, California Paso Robles, California Pismo Beach, California San Luis Obispo, California Templeton, California Shell Beach, California"
,Strand Hill Properties,550 Silver Spur Road­,Rancho Palos Verdes­,"CA,­",90275,United States,North & Central America,http://strandhill.com/,Strand Hill Properties,3105416566,chris@strandhillproperties.com,,,"Manhattan Beach, California Rancho Palos Verdes, California"
,Christie's International Real Estate Denver,100 Fillmore Street­,Denver­,"CO,­",80206,United States,North & Central America,,Christie's International Real Estate Denver,303-200-1256,corinna@christiesdenverre.com,,,
,Christie's Real Estate - Aspen,601 E. Hopkins Avenue­,Aspen­,"CO,­",81611,United States,North & Central America,,Christie's Real Estate - Aspen,970-344-9002,expert@christiesaspenrealestate.com,,,
Yes,Telluride Real Estate Corp,232 West Colorado Avenue­,Telluride­,"CO,­",81435,United States,North & Central America,http://www.telluriderealestatecorp.com,Telluride Real Estate Corp,+1 970 728 3111,sarah@telluriderealestatecorp.com,https://b386363e680359b5cc19-97ec1140354919029c7985d2568f0e82.ssl.cf1.rackcdn.com/ckeditor_assets/pictures/root/Affiliate_Logos/238986/TREC_Christie_s_black.jpg,https://b386363e680359b5cc19-97ec1140354919029c7985d2568f0e82.ssl.cf1.rackcdn.com/assets/uploads/page/banner_image/1722928/optimized_d0789e3dafa68b134942f479097837af.jpg,"Telluride, Colorado"
,Neumann Real Estate LLC,395 Main Street­,Ridgefield­,"CT,­",6877,United States,North & Central America,http://www.neumannrealestate.com,Neumann Real Estate LLC,+1 203 438 0455,russ@neumannrealestate.com,,,"Bethel, Connecticut Brookfield, Connecticut Danbury, Connecticut New Fairfield, Connecticut New Milford, Connecticut Newtown, Connecticut Redding, Connecticut Ridgefield, Connecticut Sherman, Connecticut"
,Page Taft Real Estate,89 Whitfield Street­,Guilford­,"CT,­",6437,United States,North & Central America,http://www.pagetaft.com,Page Taft Real Estate,+1 203 453 6511,dstevens@pagetaft.com,https://b386363e680359b5cc19-97ec1140354919029c7985d2568f0e82.ssl.cf1.rackcdn.com/ckeditor_assets/pictures/root/Affiliate_Logos/239130/page_taft_christies_logo_square_gold717__1_.png,,"Guilford, Connecticut New Haven, Connecticut New London, Connecticut"
,Randall Realtors,22 Holmes Street­,Mystic­,"CT,­",6355,United States,North & Central America,http://www.randallrealtors.com,Randall Realtors,+1 860 572 9099,dstevens@pagetaft.com,https://b386363e680359b5cc19-97ec1140354919029c7985d2568f0e82.ssl.cf1.rackcdn.com/ckeditor_assets/pictures/root/Affiliate_Logos/239109/Randall_Realtors_Christies_logo_gold_K__2_.png,,"Mystic, Connecticut New London, Connecticut"
,American Caribbean Real Estate,81800 Overseas Highway­,Islamorada­,"FL,­",33036,United States,North & Central America,http://www.americancaribbean.com,American Caribbean Real Estate,,sales@americancaribbean.com,https://b386363e680359b5cc19-97ec1140354919029c7985d2568f0e82.ssl.cf1.rackcdn.com/ckeditor_assets/pictures/root/Affiliate_Logos/238945/content_AmericanCaribbean.jpg,,"Islamorada, Florida Key Largo, Florida Marathon, Florida"
,Coastal Properties Group,"423 Mandalay Ave., Suite 102­",Clearwater Beach­,"FL,­",33767,United States,North & Central America,http://www.coastalpgi.com,Coastal Properties Group,727-424-4978,expert@coastalpgi.com,,,"Clearwater, Florida Clearwater Beach, Florida Dunedin, Florida Indian Rocks Beach, Florida Palm Harbor, Florida St. Petersburg, Florida Belleair, Florida St. Pete Beach, Florida Treasure Island, Florida North Redington Beach, Florida"
,Fenton & Lang,Two South Beach Road­,Jupiter Island­,"FL,­",33455,United States,North & Central America,http://www.fentonandlang.com,Fenton & Lang,772-546-2381,contact@fentonandlang.com,,,"Hobe Sound, Florida Jensen Beach, Florida Jupiter, Florida Palm City, Florida Port Salerno, Florida Stuart, Florida Jupiter Inlet, Florida Sewalls Point, Florida Jupiter Island, Florida"
,Illustrated Properties Real Estate Inc,2725 PGA Boulevard­,Palm Beach Gardens­,"FL,­",33410,United States,North & Central America,http://www.ipre.com,Illustrated Properties Real Estate Inc,855-901-1112,Dtalboy@ipre.com,,,"Fort Pierce, Florida Jupiter, Florida North Palm Beach, Florida Palm Beach Gardens, Florida Port St. Lucie, Florida Wellington, Florida Singer Island, Florida Juno Beach, Florida"
,Michael Saunders & Company,100 South Washington Boulevard­,Sarasota­,"FL,­",34236,United States,North & Central America,http://www.michaelsaunders.com,Michael Saunders & Company,800.298.8891 ext. 3214,ReneAnderson@MichaelSaunders.com,,,"Anna Maria, Florida Boca Grande, Florida Bradenton, Florida Bradenton Beach, Florida Englewood, Florida Holmes Beach, Florida Longboat Key, Florida Nokomis, Florida Osprey, Florida Punta Gorda, Florida Sarasota, Florida Venice, Florida Siesta Key, Florida Lakewood Ranch, Florida Englewood Beach, Florida Long Boat Key, Florida Manasota, Florida"
,Premier Estate Properties,800 East Palmetto Park Road­,Boca Raton­,"FL,­",33432,United States,North & Central America,http://www.premierestateproperties.com,Premier Estate Properties,561.394.7700,joe@premierestateproperties.com,,,"Boca Raton, Florida Deerfield Beach, Florida Delray Beach, Florida Fort Lauderdale, Florida Vero Beach, Florida Manalapan, Florida Ocean Ridge, Florida Gulf Stream, Florida Highland Beach, Florida"
,Regal Real Estate Professionals - Orlando,7726 W. Sand Lake Road­,Orlando­,"FL,­",32819,United States,North & Central America,http://www.regalrealtyorlando.com,Regal Real Estate Professionals - Orlando,+1 407 749 0700,chris@regalrealtyorlando.com,,,"Clermont, Florida Lake Mary, Florida Orlando, Florida Windermere, Florida Winter Park, Florida Celebration, Florida"
,William Raveis Real Estate,720 5th Avenue South­,Naples­,"FL,­",34102,United States,North & Central America,http://www.raveis.com,William Raveis Real Estate,239-231-3380,Matt.Lane@raveis.com,,,"Naples, Florida"
,"Harry Norman, REALTORS®","532 East Paces Ferry Road, Suite 300­",Atlanta­,"GA,­",30305,United States,North & Central America,http://www.harrynorman.com,"Harry Norman, REALTORS®",404-504-7300,alex.page@harrynorman.com,,,"Alpharetta, Georgia Atlanta, Georgia Blue Ridge, Georgia Clayton, Georgia Cobb, Georgia Cumming, Georgia Darien, Georgia Duluth, Georgia Forsyth, Georgia Marble Hill, Georgia Marietta, Georgia Peachtree City, Georgia Savannah, Georgia Sandy Springs, Georgia Big Canoe, Georgia Johns Creek, Georgia"
,Seabolt Real Estate,24 East Oglethorpe Avenue­,Savannah­,"GA,­",31401,United States,North & Central America,http://www.seaboltbrokers.com,Seabolt Real Estate,912-233-6609,info@seaboltbrokers.com,,,"Darien, Georgia Savannah, Georgia"
,Hawaii Life Real Estate Brokers,5-4280 Kuhio Highway Suite G203­,Princeville­,"HI,­",96722,United States,North & Central America,http://www.hawaiilife.com,Hawaii Life Real Estate Brokers,1-800-370-3848,CIREReferrals@hawaiilife.com,https://b386363e680359b5cc19-97ec1140354919029c7985d2568f0e82.ssl.cf1.rackcdn.com/ckeditor_assets/pictures/root/Affiliate_Logos/238958/content_HL-Logo5.png,,"Haiku, Hawaii Hana, Hawaii Hilo, Hawaii Honolulu, Hawaii Kahului, Hawaii Kailua-Kona, Hawaii Kapaa, Hawaii Kihei, Hawaii Koloa, Hawaii Kula, Hawaii Lahaina, Hawaii Lanai City, Hawaii Paia, Hawaii Princeville, Hawaii Waikoloa, Hawaii Wailuku, Hawaii Wailea, Hawaii Hana Maui, Hawaii Pukalani Maui, Hawaii Olinda, Hawaii Poipu, Hawaii Kaanapali, Hawaii Kapalua, Hawaii"
,"Sun Valley Real Estate, LLC",300 North Main Street­,Ketchum­,"ID,­",83340,United States,North & Central America,http://www.sunvalleyrealestate.com,"Sun Valley Real Estate, LLC",+1 208 726 6000,suzannesunvalley@gmail.com,https://b386363e680359b5cc19-97ec1140354919029c7985d2568f0e82.ssl.cf1.rackcdn.com/ckeditor_assets/pictures/root/Affiliate_Logos/238975/content_SVRE_Christies_Square.png,,"Ketchum, Idaho Sun Valley, Idaho"
,LandVest Inc,Ten Post Office Square­,Boston­,"MA,­",2109,United States,North & Central America,,LandVest Inc,+1 617 357 0455,cbrunick@landvest.com,,,"Boston, Massachusetts Edgartown, Massachusetts Nantucket, Massachusetts Richmond, Massachusetts Camden, Maine Northeast Harbor, Maine Portland, Maine Concord, New Hampshire Keene Valley, New York Jamestown, Rhode Island Burlington, Vermont Newport, Vermont Woodstock, Vermont"
,Hall & Hunter Realtors,442 South Old Woodward­,Birmingham­,"MI,­",48009,United States,North & Central America,http://www.hallandhunter.com,Hall & Hunter Realtors,+1 248 593 0607,wleonard@hallandhunter.com,,,"Birmingham, Michigan Bloomfield Hills, Michigan Clarkston, Michigan Franklin, Michigan Rochester, Michigan Troy, Michigan West Bloomfield, Michigan Bloomfield Township, Michigan Oakland Township, Michigan Beverly Hills, Michigan Rochester Hills, Michigan Bingham Farms, Michigan Farmington Hills, Michigan Orchard Lake, Michigan"
,North Harbor - Traverse City,416 E Mitchell Street #1­,Petoskey­,"MI,­",49770,United States,North & Central America,https://northharborrealestate.com/,North Harbor - Traverse City,+1 231 947 2999,lora@northernmichiganestates.com,,,"Traverse City, Michigan"
,North Harbor Real Estate,416 E Mitchell Street #1­,Petoskey­,"MI,­",4977,United States,North & Central America,https://northharborrealestate.com/,North Harbor Real Estate,+1 231 582 2400,jay-lora@northharborrealestate.com,,,"Boyne City, Michigan"
,PureWest Real Estate- Whitefish,492 E Second St.­,Whitefish­,"MT,­",59937,United States,North & Central America,http://www.purewestrealestate.com/,PureWest Real Estate- Whitefish,+1 406 862 4900,katey@purewestmt.com,https://b386363e680359b5cc19-97ec1140354919029c7985d2568f0e82.ssl.cf1.rackcdn.com/ckeditor_assets/pictures/root/Affiliate_Logos/238972/content_PureWestRealEstate_Logo_NoChristies.png,,"Big Sky, Montana Bigfork, Montana Bozeman, Montana Columbia Falls, Montana Ennis, Montana Hamilton, Montana Kalispell, Montana Lakeside, Montana Livingston, Montana Missoula, Montana Polson, Montana Whitefish, Montana"
,"Elite Homes US, LLC",6763 West Charleston Blvd.­,Las Vegas­,"NV,­",89146,United States,North & Central America,http://www.elitehomes.us,"Elite Homes US, LLC",+1 702 787 8061,lisa@lisasongsutton.com,,,"Las Vegas, Nevada"
,"*Special Properties, Division of Brook Hollow Group Realtors Inc. - Saddle River",158 W. Saddle River Road­,Saddle River­,"NJ,­",7458,United States,North & Central America,http://www.specialproperties.com,"*Special Properties, Division of Brook Hollow Group Realtors Inc. - Saddle River",+1 201 934 7111,vgaily@specialproperties.com,,,"Allendale, New Jersey Franklin Lakes, New Jersey Ho Ho Kus, New Jersey Mahwah, New Jersey Midland Park, New Jersey Oakland, New Jersey Ramsey, New Jersey Ridgewood, New Jersey Saddle River, New Jersey Woodcliff Lake, New Jersey Wyckoff, New Jersey Upper Saddle River, New Jersey"
,"BHHS Fox & Roach, Realtors®",350 Route 35­,Red Bank­,"NJ,­",7701,United States,North & Central America,http://foxroach.com,"BHHS Fox & Roach, Realtors®",+1 732 450 2300,Ric.Martel@foxroach.com,,,"Brick, New Jersey Holmdel, New Jersey Kendall Park, New Jersey Keyport, New Jersey Middlesex, New Jersey Middletown, New Jersey Monroe Township, New Jersey Pennington, New Jersey Point Pleasant Beach, New Jersey Princeton, New Jersey Red Bank, New Jersey Rumson, New Jersey Shrewsbury, New Jersey Spring Lake, New Jersey Toms River, New Jersey Ocean, New Jersey South Brunswick, New Jersey Bay Head, New Jersey Robbinsville, New Jersey Wall, New Jersey Manalapan, New Jersey Ocean Township, New Jersey"
,Christie's International Real Estate  Northern New Jersey,"19 Spear Road, Suite 306­",Ramsey­,"NJ,­",7446,United States,North & Central America,http://christiesrennj.com,Christie's International Real Estate  Northern New Jersey,201-345-6601,scullaro@christiesrennj.com,,,"Alpine, New Jersey Franklin Lakes, New Jersey Hackensack, New Jersey Ho Ho Kus, New Jersey Hoboken, New Jersey Jersey City, New Jersey Mahwah, New Jersey Montclair, New Jersey Paramus, New Jersey Ramsey, New Jersey Ridgewood, New Jersey Summit, New Jersey"
,"Barker Realty, Inc.",530 S. Guadalupe St.­,Santa Fe­,"NM,­",87501,United States,North & Central America,http://www.santaferealestate.com,"Barker Realty, Inc.",+1 505 992 3563,dbarker@santaferealestate.com,,,"Santa Fe, New Mexico"
,Christie's International Real Estate,20 Rockefeller Plaza­,New York­,"NY,­",10020,United States,North & Central America,,Christie's International Real Estate,+1 212 468 7182,nyc@christiesrealestate.com,,,
,CIRE - Westchester and the Hudson Valley,340 South Main Street­,New City­,"NY,­",10956,United States,North & Central America,http://christiesrehudsonvalley.com,CIRE - Westchester and the Hudson Valley,201-962-9555,scullaro@christiesrehudsonvalley.com,,,
,CIRE - Westchester and the Hudson Valley,340 South Main Street­,New City­,"NY,­",10956,United States,North & Central America,http://christiesrehudsonvalley.com,CIRE - Westchester and the Hudson Valley,201-962-9555,scullaro@christiesrehudsonvalley.com,,,
,Coach Realtors - Northport,66 Gilbert Street­,Northport­,"NY,­",11768,United States,North & Central America,http://www.coachrealtors.com,Coach Realtors - Northport,+1 631 757 9000 x138,jmatos@coachrealtors.com,,,"Babylon, New York Bay Shore, New York Centerport, New York Commack, New York East Islip, New York East Northport, New York East Norwich, New York Floral Park, New York Garden City, New York Greenlawn, New York Hewlett, New York Huntington, New York Islip, New York Kings Park, New York Manhasset, New York Melville, New York Miller Place, New York Mount Sinai, New York Northport, New York Port Jefferson, New York Sayville, New York Smithtown, New York Stony Brook, New York West Islip, New York West Sayville, New York Williston Park, New York Nissequogue, New York Dix Hills, New York Setauket, New York Huntington Bay, New York Rockville Center, New York Center Port, New York"
,Ivester Jackson BlackStream,18 S. Pack Square­,Asheville­,"NC,­",28801,United States,North & Central America,http://www.ivesterjacksonblackstream.com,Ivester Jackson BlackStream,+1 828-367-9001,reed@ivesterjackson.com,,,"Asheville, North Carolina"
,Ivester Jackson Distinctive Properties,"21025 Catawba Avenue, #101­",Cornelius­,"NC,­",28031,United States,North & Central America,http://www.ivesterjackson.com,Ivester Jackson Distinctive Properties,+1 704 655 0586,reed@ivesterjackson.com,,,"Charlotte, North Carolina Cornelius, North Carolina"
,Luxe Christie's International Real Estate,159 A Avenue­,Lake Oswego­,"OR,­",97034,United States,North & Central America,http://www.luxecir.com,Luxe Christie's International Real Estate,+1 503 389 2112,terry@luxecir.com,https://b386363e680359b5cc19-97ec1140354919029c7985d2568f0e82.ssl.cf1.rackcdn.com/ckeditor_assets/pictures/root/Affiliate_Logos/238967/content__luxe-cire-boxed-blk-on-wht.png,,"Ashland, Oregon Aurora, Oregon Beaverton, Oregon Bend, Oregon Bridgeport, Oregon Canby, Oregon Cannon Beach, Oregon Carlton, Oregon Central Point, Oregon Corvallis, Oregon Damascus, Oregon Dayton, Oregon Dundee, Oregon Eugene, Oregon Forest Grove, Oregon Gleneden Beach, Oregon Grants Pass, Oregon Happy Valley, Oregon Hillsboro, Oregon Hood River, Oregon Jacksonville, Oregon Lake Oswego, Oregon Madras, Oregon Manzanita, Oregon Marylhurst, Oregon McMinnville, Oregon Medford, Oregon Neskowin, Oregon Newberg, Oregon Newport, Oregon North Plains, Oregon Oregon City, Oregon Pacific City, Oregon Portland, Oregon Redmond, Oregon Rockaway Beach, Oregon St. Paul, Oregon Seaside, Oregon Sherwood, Oregon Silverton, Oregon Sisters, Oregon Terrebonne, Oregon Tualatin, Oregon West Linn, Oregon Wilsonville, Oregon Yamhill, Oregon Gearhart, Oregon Crooked River, Oregon Crooked River Ranch, Oregon King City, Oregon Sunriver, Oregon Rockaway, Oregon Tigard, Oregon Black Butte, Oregon Black Butte Ranch, Oregon Charbonneau, Oregon Eagle Crest, Oregon Forest Heights, Oregon Helvetia, Oregon Lake Grove, Oregon Mountain Park, Oregon Orenco, Oregon Oswego, Oregon Wankers Corners, Oregon West Slope, Oregon West Union, Oregon"
,Lila Delman Real Estate,3 Memorial Boulevard­,Newport­,"RI,­",2840,United States,North & Central America,http://www.liladelman.com,Lila Delman Real Estate,+1401.848.2101,kristen.jones@LilaDelman.com,,,"Block Island, Rhode Island Jamestown, Rhode Island Little Compton, Rhode Island Narragansett, Rhode Island Newport, Rhode Island Providence, Rhode Island Westerly, Rhode Island Watch Hill, Rhode Island"
,BlackStream International Real Estate,"20 Overbrook Court, Suite 400­",Greenville­,"SC,­",29607,United States,North & Central America,https://blackstreaminternational.com/,BlackStream International Real Estate,+1 864 920 0303,Mmumma@mummapropertypartners.com,https://b386363e680359b5cc19-97ec1140354919029c7985d2568f0e82.ssl.cf1.rackcdn.com/ckeditor_assets/pictures/root/Affiliate_Logos/238995/logo_blackstream-and-SVN_B-over-BS-CIRE_black__1_.png,,"Greenville, South Carolina"
,The Lachicotte Company,10554 Ocean Hwy­,Pawleys Island­,"SC,­",29585,United States,North & Central America,http://www.pawleysrealestate.com,The Lachicotte Company,843-237-2094,kathy.besse@gmail.com,,,"Georgetown, South Carolina Myrtle Beach, South Carolina Pawleys Island, South Carolina"
,William Means Real Estate,41 Broad Street­,Charleston­,"SC,­",29401,United States,North & Central America,http://www.charlestonrealestate.com,William Means Real Estate,+1 843 577 6651,helengeer@williammeans.com,https://b386363e680359b5cc19-97ec1140354919029c7985d2568f0e82.ssl.cf1.rackcdn.com/ckeditor_assets/pictures/root/Affiliate_Logos/238993/content_WMRE_2011_Logo_long_green-blk__1_.jpg,,"Charleston, South Carolina Edisto Island, South Carolina Folly Beach, South Carolina Isle Of Palms, South Carolina Mount Pleasant, South Carolina Sullivans Island, South Carolina Wadmalaw Island, South Carolina Edisto Beach, South Carolina James Island, South Carolina Seabrook Island, South Carolina Daniel Island, South Carolina Kiawah Island, South Carolina"
Yes,Moreland Properties,"3825 Lake Austin Blvd., #501­",Austin­,"TX,­",78703,United States,North & Central America,http://www.moreland.com,Moreland Properties,+1 512 480 0848,srailey@moreland.com,,,"Austin, Texas"
,Nan and Company Properties,"2200 Post Oak Blvd, Suite 1475­",Houston­,"TX,­",77056,United States,North & Central America,http://www.nanproperties.com,Nan and Company Properties,+1 713 714 6454,michelle.arreguin@nanproperties.com,,,"Houston, Texas"
Yes,ULTERRE,4838 White Settlement Road­,Fort Worth­,"TX,­",76114,United States,North & Central America,https://www.ulterre.com,ULTERRE,+1 817 882 6450,kolbys@ulterre.com,,,"Dallas, Texas Fort Worth, Texas"
,"Long & Foster Real Estate, Inc.",Headquarters­,Chantilly­,"VA,­",20151,United States,North & Central America,http://www.longandfoster.com,"Long & Foster Real Estate, Inc.",+1 866 677 6937,trudyh@lnf.com,https://b386363e680359b5cc19-97ec1140354919029c7985d2568f0e82.ssl.cf1.rackcdn.com/ckeditor_assets/pictures/root/Affiliate_Logos/238966/content_1_LF_RE_CIRE_Box_Rev_BLUE.jpg,,"Washington, District Of Columbia Friendship Heights, District Of Columbia Bear, Delaware Bethany Beach, Delaware Lewes, Delaware Rehoboth Beach, Delaware Wilmington, Delaware Greenville, Delaware Rehoboth, Delaware Abingdon, Maryland Annapolis, Maryland Baltimore, Maryland Bel Air, Maryland Belcamp, Maryland Bethesda, Maryland Burtonsville, Maryland California, Maryland Cambridge, Maryland Centreville, Maryland Chesapeake City, Maryland Chevy Chase, Maryland College Park, Maryland Columbia, Maryland Crofton, Maryland Cumberland, Maryland Damascus, Maryland Denton, Maryland Dunkirk, Maryland Easton, Maryland Elkton, Maryland Ellicott City, Maryland Fort Washington, Maryland Frederick, Maryland Gaithersburg, Maryland Hagerstown, Maryland Hunt Valley, Maryland Manchester, Maryland McHenry, Maryland Montgomery Village, Maryland Mount Airy, Maryland Ocean City, Maryland Owings Mills, Maryland Oxford, Maryland Phoenix, Maryland Pikesville, Maryland Potomac, Maryland Prince Frederick, Maryland Reisterstown, Maryland Rockville, Maryland St. Michaels, Maryland Salisbury, Maryland Severna Park, Maryland Silver Spring, Maryland Stevensville, Maryland Takoma Park, Maryland Taneytown, Maryland Waldorf, Maryland Westminster, Maryland Windsor Mill, Maryland North Bethesda, Maryland Timonium, Maryland Eldersburg, Maryland Lutherville, Maryland Carroll, Maryland Mitchellville, Maryland Somerset, Maryland Avalon, New Jersey Burlington, New Jersey Camden, New Jersey Cherry Hill, New Jersey Haddonfield, New Jersey Longport, New Jersey Moorestown, New Jersey Ocean City, New Jersey Sea Isle City, New Jersey Stone Harbor, New Jersey Wildwood, New Jersey Fayson Lakes, New Jersey Aston, Pennsylvania Audubon, Pennsylvania Bethlehem, Pennsylvania Blue Bell, Pennsylvania Buckingham Township, Pennsylvania Chambersburg, Pennsylvania Chester, Pennsylvania Devon, Pennsylvania Doylestown, Pennsylvania Drexel Hill, Pennsylvania Exton, Pennsylvania Folsom, Pennsylvania Franklin, Pennsylvania Haverford, Pennsylvania Havertown, Pennsylvania Lafayette Hill, Pennsylvania Lancaster, Pennsylvania Lansdale, Pennsylvania Levittown, Pennsylvania Media, Pennsylvania Montgomery, Pennsylvania Newtown, Pennsylvania Newtown Square, Pennsylvania Philadelphia, Pennsylvania Royersford, Pennsylvania West Chester, Pennsylvania Yardley, Pennsylvania Lower Gwynedd, Pennsylvania Drexel Hills, Pennsylvania Alexandria, Virginia Annandale, Virginia Arlington, Virginia Ashburn, Virginia Blacksburg, Virginia Burke, Virginia Centreville, Virginia Chantilly, Virginia Charlottesville, Virginia Chesapeake, Virginia Colonial Heights, Virginia Culpeper, Virginia Daleville, Virginia Deltaville, Virginia Fairfax, Virginia Falls Church, Virginia Forest, Virginia Fredericksburg, Virginia Gainesville, Virginia Glen Allen, Virginia Great Falls, Virginia Herndon, Virginia Leesburg, Virginia Lorton, Virginia Lynchburg, Virginia Manassas, Virginia McLean, Virginia Mechanicsville, Virginia Middleburg, Virginia Midlothian, Virginia Moneta, Virginia Norfolk, Virginia Purcellville, Virginia Reston, Virginia Richmond, Virginia Roanoke, Virginia Sandston, Virginia Spotsylvania, Virginia Springfield, Virginia Stafford, Virginia Staunton, Virginia Sterling, Virginia Suffolk, Virginia Vienna, Virginia Virginia Beach, Virginia Warrenton, Virginia White Stone, Virginia Williamsburg, Virginia Woodbridge, Virginia Yorktown, Virginia Charles Town, West Virginia Martinsburg, West Virginia"
,Christie's International Real Estate Seattle,1201 2nd Ave. #700­,Seattle­,"WA,­",98101,United States,North & Central America,,Christie's International Real Estate Seattle,+1 503 330 6677,info@christiesrealestateseattle.com,,,"Seattle, Washington"
,Jackson Hole Real Estate,80 West Broadway­,Jackson­,"WY,­",83001,United States,North & Central America,http://www.jhrea.com,Jackson Hole Real Estate,307 733 6060,info@jhrea.com,,,"Driggs, Idaho Teton, Idaho Alpine, Wyoming Jackson, Wyoming Teton Village, Wyoming Thayne, Wyoming"
,Smiths Gore BVI Limited,150 Main Street­,Road Town­,"TO,­",VG1110,British Virgin Islands,North & Central America,,Smiths Gore BVI Limited,+1 284 494 2446,lucienne.smith@smithsgore.com,,,
,John Foster Real Estate,"6111 Estate Nazareth, 9E-1­",St Thomas­,"VI,­",802,United States Virgin Islands,North & Central America,http://www.usvi-realestate.com,John Foster Real Estate,+1 340 776 5000,peterbriggs70@hotmail.com,,,"St Thomas, Virgin Islands"
,Greeff Properties,Greeff House­,Cape Town­,"WE,­",7708,South Africa,Africa,http://www.greeff.co.za,Greeff Properties,+1 27 21 763 4120,storm@greeff.co.za,https://b386363e680359b5cc19-97ec1140354919029c7985d2568f0e82.ssl.cf1.rackcdn.com/ckeditor_assets/pictures/root/Affiliate_Logos/238990/content_Offical_Vertical_primary.jpg,,"Cape Town, Western Cape"